01|monjur|123|monjurmorshed386@gmail.com|2022-03-03|||
02|morshed|222|morshed386@gmail.com|2022-03-03|||
03|mir|333|mir6@gmail.com|2022-03-03|||
04|emon|444|emon@gmail.com|2022-03-03|||
05|tusher|555|tusher@gmail.com|2022-03-03|||
06|farabi|666|farabi@gmail.com|2022-03-03|||
07|mahir|777|mahir@gmail.com|2022-03-03|||
08|rabbi|888|mrabbi@gmail.com|2022-03-03|||
09|avccc|999|avccc@gmail.com|2022-03-03|||
10|api|987|mapi@gmail.com|2022-03-03|||